<?xml version="1.0" encoding="UTF-8"?>
<!DOCTYPE biblioteca [
        <!ELEMENT biblioteca (fichadePrestamo|fecha_salida|fecha_devolucion|firma_recibido)*>
        <!ELEMENT fichadePrestamo (datos_lector|datos_libro)*>
        <!ELEMENT datos_lector (nombre|apellido|domicilio|telefono)*>
        <!ELEMENT nombre (#PCDATA)>
        <!ELEMENT apellido (#PCDATA)>
        <!ELEMENT domicilio (#PCDATA)>
        <!ELEMENT telefono (#PCDATA)>
        <!ELEMENT datos_libro (autor|titulo|calificacion)*>
        <!ELEMENT autor (#PCDATA)>
        <!ELEMENT titulo (#PCDATA)>
        <!ELEMENT calificacion (#PCDATA)>
        <!ELEMENT fecha_salida (#PCDATA)>
        <!ELEMENT fecha_devolucion (#PCDATA)>
        <!ELEMENT firma_recibido (#PCDATA)>
        ]>
<biblioteca>
    <fichadePrestamo>
        <datos_lector>
                <nombre>Juan</nombre>
                <apellido>Delgado Martinez</apellido>
                <domicilio>calle Barco 4, tercer piso, letra A</domicilio>
                <telefono>968124578</telefono>
        </datos_lector>
        <datos_libro>
            <autor>H.P. Lovecraft</autor>
            <titulo>Mitos</titulo>
            <calificacion>P.G.16</calificacion>
        </datos_libro>
    </fichadePrestamo>
    <fecha_salida>19-5-2023</fecha_salida>
    <fecha_devolucion>28-9-2023</fecha_devolucion>
    <firma_recibido></firma_recibido>
</biblioteca>
